园区,月份,客户号,用电量(kwh),"含税金额
（元)","含税电价
（元/kwh）","时段
（1.92：1.6：0.4：1）全年通用基础时段
时段安排：低谷时段：00:00-6:00、12:00-14:00
平段时段：6:00-12:00、14:00-16:00
高峰时段：16:00-24:00
季节性尖峰时段
仅在每年 1 月、7 月、8 月、12 月执行，从当日高峰时段中划出，电价高于普通高峰：
夏季（7 月、8 月）：20:00-24:00
冬季（1 月、12 月）：18:00-22:00","时段用电
（kwh）","输配电价
（元)
（国家规定固定值0.1104）","零售交易电价
（基准价+涨价幅度+平滑资金+上网环节线损费+系统运行费用+煤电容量电费折价）*尖峰平谷时段电量/总用电量",,,,,,,,"合计单价
（元)","时段电费
（元)",政府性基金及附加,"基本电费电价
（最大需量*基准价）/含税金额",,,,"力调电费
（时段电费+基本电费）
（元)*-0.75%","力调电价
（时段电费+基本电费）
（元)*-0.75%/电量","绿色电力环境价值费用
（电量*单价）",,,"电费合计
（元)
尖峰平谷时段电费+政府性基金及附加+基本电费+力调电费",含税加权价1, 差异率 ,备注
,,,,,,,,,"基准价
（元)",涨价幅度,"代理费
（0.0015`0.0025元/度）","平滑资金
（元)","上网环节线损费
（元)","系统运行费用
（元)",煤电容量电费折价,合计,,,0.04625,最大需量,基准价,"基本电费
（元)",基本电费电价,,,电量,单价,费用,,,,
黄花,2026年1月,"群欣变
4303121811816",64338560,46171934.66,0.7176,尖,10802880,0.21197,0.864,-0.04782,0.00288,-0.00389,0.04831,0.03476,0.09304,0.81518,1.11022,11993565,2975658.4,107184,30.6,2951847.36,0.06393,-326418.82,-0.00507,18588000,0.00001,185.88,46171936.8,0.7176,0.00%,
,,,,,,峰,11038720,0.17664,0.72,-0.03985,0.0024,-0.00324,0.04026,0.03476,0.07753,0.67932,0.93098,10276783,,,,,,,,,,,,,,
,,,,,,谷,20771520,0.04416,0.18,-0.00996,0.0006,-0.00081,0.01007,0.03476,0.01938,0.16983,0.25881,5375960,,,,,,,,,,,,,,
,,,,,,平,21725440,0.1104,0.45,-0.0249,0.0015,-0.00202,0.02516,0.03476,0.04846,0.42457,0.5949,12924356,,,,,,,,,,,,,,
黄花,2026年2月,"群欣变
4303121811816",45890240,39157874.31,0.8533,尖,,,,,,,,,,,,,2122423.6,202259,30.6,5813357.4,0.14846,-279864.11,-0.0061,9984000,0.00001,99.85,39157874.4,0.8533,0.00%,
,,,,,,峰,15378880,0.17664,0.72,-0.01823,0.0024,0.02719,0.04154,0.08986,0.10667,0.73136,1.03939,15984719,,,,,,,,,,,,,,
,,,,,,谷,14974080,0.04416,0.18,-0.00456,0.0006,0.0068,0.01038,0.08986,0.02667,0.18284,0.32725,4900205,,,,,,,,,,,,,,
,,,,,,平,15537280,0.1104,0.45,-0.01139,0.0015,0.01699,0.02596,0.08986,0.06667,0.4571,0.68332,10616934,,,,,,,,,,,,,,
黄花,2026年3月,"群欣变
4303121811816",69094080,45320880.88,0.6559,尖,,,,,,,,,,,,,3195601.2,105600,30.6,1220793.12,0.02694,-318326.52,-0.00461,6964000,0.00001,69.64,45320880.6,0.6559,0.00%,
,,,,,,峰,23288320,0.17664,0.72,-0.0741,0.0024,0.03033,0.03824,0.03486,0.04762,0.67863,0.92837,21620261,,,,,,,,,,,,,,
,,,,,,谷,22605440,0.04416,0.18,-0.01852,0.0006,0.00758,0.00956,0.03486,0.0119,0.16966,0.25824,5837593,,,,,,,,,,,,,,
,,,,,,平,23200320,0.1104,0.45,-0.04631,0.0015,0.01896,0.0239,0.03486,0.02976,0.42415,0.59331,13764889,,,,,,,,,,,,,,
黄花,2026年4月,"群欣变
4303121811816",66457600,36635580.69,0.5513,尖,,,,,,,,,,,,,3073664,110493,30.6,1812031.02,0.04946,-253617.36,-0.00382,15070000,0.00001,150.7,36635578.5,0.5513,0.00%,
,,,,,,峰,22204160,0.17664,0.72,-0.33108,0.0024,0.03753,0.02308,0.08782,0.07827,0.42885,0.71639,15906798,,,,,,,,,,,,,,
,,,,,,谷,21954240,0.04416,0.18,-0.08277,0.0006,0.00938,0.00577,0.08782,0.01957,0.10721,0.24496,5377906,,,,,,,,,,,,,,
,,,,,,平,22299200,0.1104,0.45,-0.20692,0.0015,0.02346,0.01443,0.08782,0.04892,0.26803,0.48067,10718646,,,,,,,,,,,,,,
黄花,2026年5月,"群欣变
4303121811816",71748160,45439478.68,0.6333,尖,,,,,,,,,,,,,3318352.4,125241,30.6,3449137.14,0.07591,-318295.12,-0.00444,7280000,0.00001,72.8,45439479.4,0.6333,0.00%,
,,,,,,峰,24527360,0.17664,0.72,-0.33561,0.0024,0.19461,0.02281,0.05075,0.09146,0.5814,0.8316,20396845,,,,,,,,,,,,,,
,,,,,,谷,23386880,0.04416,0.18,-0.0839,0.0006,0.04865,0.0057,0.05075,0.02287,0.14535,0.24596,5752200,,,,,,,,,,,,,,
,,,,,,平,23833920,0.1104,0.45,-0.20976,0.0015,0.12163,0.01426,0.05075,0.05716,0.36337,0.53878,12841168,,,,,,,,,,,,,,
黄花,2026年6月,"群欣变
4303121811816",76940160,55254261.41,0.7181,尖,,,,,,,,,,,,,3558482.4,131402,30.6,3618811.08,0.06549,-390647.57,-0.00508,8297000,0.00001,82.97,55254261.3,0.7181,0.00%,
,,,,,,峰,25731200,0.17664,0.72,-0.31278,0.0024,0.21433,0.02416,0.11352,0.13142,0.62395,0.93827,24142880,,,,,,,,,,,,,,
,,,,,,谷,25495360,0.04416,0.18,-0.07819,0.0006,0.05358,0.00604,0.11352,0.03286,0.15599,0.31971,8151055,,,,,,,,,,,,,,
,,,,,,平,25713600,0.1104,0.45,-0.19549,0.0015,0.13396,0.0151,0.11352,0.08214,0.38997,0.62899,16173597,,,,,,,,,,,,,,
